algo,selected by URE,URE,selected by SCEL,SCEL,selected by val_acc,valid_acc,best_ure,best_scel,best_val_acc
fwd-u,13.11,-5.677265167236328,13.11,2.9460766315460205,13.11,2.9460766315460205,13.04,13.059999999999999,13.44
fwd-r,14.399999999999999,-8.995307922363281,14.399999999999999,2.780301570892334,21.47,2.929586410522461,13.819999999999999,14.399999999999999,25.679999999999996
ure-ga-u,9.41,1.2926833629608154,13.0,2.9668781757354736,13.0,2.9668781757354736,11.700000000000001,12.32,13.08
ure-ga-r,17.549999999999997,1.570356011390686,15.370000000000001,2.963118314743042,18.17,2.9657537937164307,18.060000000000002,15.479999999999999,19.650000000000002
scl-nl,13.33,-5.795181751251221,13.33,2.946204900741577,13.33,2.946204900741577,13.309999999999999,12.94,13.63
scl-exp,13.170000000000002,-5.682149410247803,13.170000000000002,2.947262525558472,12.85,2.9507980346679688,12.65,13.38,13.83
l-w,6.18,-37.86433410644531,6.18,2.942070484161377,10.84,2.94212007522583,6.18,7.539999999999999,12.91
l-uw,7.630000000000001,-33.388370513916016,7.630000000000001,2.942450761795044,11.99,2.94292950630188,8.129999999999999,8.99,13.469999999999999
